{
    "deretraction_speed": [
        "45"
    ],
    "from": "User",
    "inherits": "MyKlipper 0.4 nozzle",
    "is_custom_defined": "0",
    "machine_end_gcode": "PRINT_COMPLETE",
    "machine_max_acceleration_e": [
        "100",
        "5000"
    ],
    "machine_max_acceleration_extruding": [
        "10000",
        "20000"
    ],
    "machine_max_acceleration_x": [
        "5000",
        "20000"
    ],
    "machine_max_acceleration_y": [
        "5000",
        "20000"
    ],
    "machine_max_speed_e": [
        "100",
        "25"
    ],
    "machine_max_speed_z": [
        "15",
        "12"
    ],
    "machine_start_gcode": "M190 S[bed_temperature_initial_layer_single]\nM109 S[nozzle_temperature_initial_layer]\nSTART_PRINT EXTRUDER_TEMP=[nozzle_temperature_initial_layer] BED_TEMP=[bed_temperature_initial_layer_single]\nPRIME_LINE\n\n",
    "name": "PRINTRBOT-KLIPPER 0.4 nozzle",
    "print_host": "10.0.0.68",
    "printable_area": [
        "0x0",
        "152x0",
        "152x142",
        "0x142"
    ],
    "printable_height": "150",
    "printer_settings_id": "PRINTRBOT-KLIPPER 0.4 nozzle",
    "retraction_length": [
        "0.2"
    ],
    "retraction_speed": [
        "45"
    ],
    "version": "1.8.0.0",
    "wipe_distance": [
        "2"
    ],
    "z_hop": [
        "0"
    ]
}
