{
    "bed_custom_texture": "C:\\\\Users\\\\f0059n9\\\\Pictures\\\\Screenshot 2023-01-24 141548.png",
    "deretraction_speed": [
        "45"
    ],
    "from": "User",
    "gcode_flavor": "marlin2",
    "inherits": "MyMarlin 0.4 nozzle",
    "is_custom_defined": "0",
    "machine_end_gcode": "M104 S0     ;extruder heater off\nM140 S0     ;heated bed heater off (if you have it)\nM106 S0     ;fan off\nG91         ;relative positioning\nG1 E-2 F300 ;retract the filament a bit\nG1 Z+1 E-10 F9000 ;move Z up a bit and retract even more\nG28 X0 Y0   ;home X/Y, so the head is out of the way\nM84         ;steppers off\nG90         ;absolute positioning",
    "machine_max_acceleration_e": [
        "100"
    ],
    "machine_max_acceleration_retracting": [
        "5000"
    ],
    "machine_max_acceleration_travel": [
        "20000",
        "0"
    ],
    "machine_max_acceleration_x": [
        "5000"
    ],
    "machine_max_acceleration_y": [
        "5000"
    ],
    "machine_max_jerk_e": [
        "2.5"
    ],
    "machine_max_jerk_x": [
        "9"
    ],
    "machine_max_jerk_y": [
        "9"
    ],
    "machine_max_jerk_z": [
        "0.2"
    ],
    "machine_start_gcode": "G91\nG0 Z10 F300\nG21      ;metric values\nG90       ;absolute positioning\nM82       ;set extruder to absolute mode\nG28 X0 Y0 ;home X/Y\nM140 S[bed_temperature_initial_layer_single]\nM104 S[nozzle_temperature_initial_layer]\nM107      ;start with the fan off\nG92 E0    ;zero the extruded length\nG28 Z0    ;home Z\nG29       ;initiate auto bed leveling sequence\nG0 Z30 F300\nG1 X0 Y5 F6000\nM190 S[bed_temperature_initial_layer_single]\nM109 S[nozzle_temperature_initial_layer]\nG1 Z3 F300\nG1 Z0.2 F50   ; Lower Z head\nG1 Y120 F800 E25          ; Print purge line\nG92 E0                  ; zero the extruded length (again)\n\nG1 F{travel_speed}      ; sets default travel speed\nG1 Z5 F300\nG1 X70 Y70 F5000\nG1 Z0 F300\n",
    "name": "PrintrBot V2",
    "print_host": "10.0.0.68",
    "printable_area": [
        "0x0",
        "152x0",
        "152x142",
        "0x142"
    ],
    "printable_height": "148",
    "printer_settings_id": "PrintrBot V2",
    "printhost_apikey": "",
    "retract_length_toolchange": [
        "2"
    ],
    "retraction_length": [
        "0.4"
    ],
    "retraction_minimum_travel": [
        "2"
    ],
    "version": "1.8.0.0",
    "wipe": [
        "1"
    ],
    "wipe_distance": [
        "2"
    ],
    "z_hop": [
        "0"
    ]
}
