{
    "bed_custom_texture": "C:\\\\Users\\\\f0059n9\\\\Pictures\\\\Screenshot 2023-01-24 141548.png",
    "deretraction_speed": [
        "45"
    ],
    "from": "User",
    "gcode_flavor": "marlin2",
    "inherits": "MyMarlin 0.4 nozzle",
    "is_custom_defined": "0",
    "machine_end_gcode": "M104 S0     ;extruder heater off\nM140 S0     ;heated bed heater off (if you have it)\nM106 S0     ;fan off\nG91         ;relative positioning\nG1 E-2 F300 ;retract the filament a bit\nG1 Z+1 E-10 F9000 ;move Z up a bit and retract even more\nG1 Z+20 F200\n\nG28 X0 Y0   ;home X/Y, so the head is out of the way\nM84         ;steppers off\nG90         ;absolute positioning",
    "machine_max_acceleration_e": [
        "100"
    ],
    "machine_max_acceleration_retracting": [
        "5000"
    ],
    "machine_max_acceleration_travel": [
        "20000",
        "0"
    ],
    "machine_max_acceleration_x": [
        "5000"
    ],
    "machine_max_acceleration_y": [
        "5000"
    ],
    "machine_max_jerk_e": [
        "2.5"
    ],
    "machine_max_jerk_x": [
        "9"
    ],
    "machine_max_jerk_y": [
        "9"
    ],
    "machine_max_jerk_z": [
        "0.2"
    ],
    "machine_start_gcode": "G91\nG0 Z10 F300\nG21 \t\t; Metric values\nG90       \t; Absolute positioning\nM82       \t; Set extruder to absolute mode\n{if curr_bed_type==\"Textured PEI Plate\"}\n    M851 Z0\n    M500\n    M117 TEXTURE PLATE\n    G4 1500\n    M851 Z-1.12\n    M117 OFFSET SET TO: Z -1.12\n    G4 P2500\n{elsif curr_bed_type==\"Engineering Plate\"}\n    M117 ENGINEERING PLATE\n    G4 1500\n    M851 Z-0.87\n    M117  OFFSET SET TO: Z-0.87\n    G4 P2500\n{elsif curr_bed_type==\"Cool Plate\"}\n    M117 COOL PLATE\n    G4 1500\n    M851 Z-0.75\n    M117  OFFSET SET TO: Z -0.75\n    G4 P2500\n{else} \n    M851 Z-0.66\n{endif}\nM500\nG28 X0 Y0 \t\t\t\t\t; Home X/Y\nM140 S[bed_temperature_initial_layer_single]\nM104 S[nozzle_temperature_initial_layer]\nM107      \t\t\t\t\t; Start with the fan off\nG92 E0    \t\t\t\t\t; Zero the extruded length\nG28 Z0    \t\t\t\t\t; Home Z\nG0 Z20 F300\nG29       \t\t\t\t; Initiate auto bed leveling sequence\nG1 X0 Y5 F6000\nM190 S[bed_temperature_initial_layer_single]\nM109 S[nozzle_temperature_initial_layer]\nG1 Z5 F100     \t\t\t\t; Raise Z 5mm\nG1 Z0.2 F{travel_speed}   \t; Lower Z head\nG1 Y120 F800 E25          \t; Print purge line\nG92 E0                  \t; Zero the extruded length (again)\n\nG1 F{travel_speed}      \t; Sets default travel speed\nG1 Z5 F300\nG1 X70 Y70 F5000\nG1 Z0 F300\n",
    "name": "PrintrBot V2-bedtype",
    "print_host": "10.0.0.68",
    "printable_area": [
        "0x0",
        "152x0",
        "152x142",
        "0x142"
    ],
    "printable_height": "150",
    "printer_settings_id": "PrintrBot V2-bedtype",
    "printhost_apikey": "5B80768CC6AD4161A018BA61BC4F2E90",
    "retract_length_toolchange": [
        "2"
    ],
    "retraction_length": [
        "0.4"
    ],
    "retraction_minimum_travel": [
        "2"
    ],
    "support_multi_bed_types": "1",
    "version": "1.8.0.0",
    "wipe": [
        "1"
    ],
    "wipe_distance": [
        "2"
    ],
    "z_hop": [
        "0"
    ]
}
